{
  "fwer_uncorrected": 0.9583333333333334,
  "fwer_bonferroni": 0.041666666666666664,
  "fwer_holm": 0.041666666666666664,
  "fdr_uncorrected": 0.17675483081733082,
  "fdr_bh": 0.02232142857142857,
  "fdr_by": 0.00486111111111111,
  "power_uncorrected": 0.6166666666666666,
  "power_bh": 0.2888888888888889,
  "power_by": 0.11
}